Id,Target
1001,4825.525862068966
1002,4893.646551724138
1003,4020.939655172414
1004,3994.9224137931033
1005,3938.956896551724
1006,279.86206896551727
1007,623.551724137931
1008,911.6465517241379
