id,Target
1001,4715.4807692307695
1002,4998.833333333333
1003,3976.2115384615386
1004,3996.4871794871797
1005,3945.2948717948716
1006,284.04487179487177
1007,540.4294871794872
1008,938.1538461538462
