id,Target
1001,4736.867607101893
1002,4765.40495026138
1003,3933.475729878589
1004,3897.1862624676933
1005,3889.7405141683735
1006,472.38899267399273
1007,467.89493268636124
1008,706.2598103748106
